SKU,UPC Code,Product Description,Brand Code,Brand Name,2025.01_Status,25-Jan
NRP48814,8806173488148 ,"Mild & Moisture, Aloe Vera Watery Gel, 10.56 fl oz (300 ml)",NRP,Nature Republic,On Sale,2893
APB68267,8809874682679 ,"Glutathione Niacinamide, Ampoule Serum, 1.35 fl oz (40 ml)",APB,APLB,On Sale,442
MUZ58044,8809836580449 ,"Objet Water, 004 Celeb , 6 ml",MUZ,Muzigae Mansion,On Sale,9
NRP43831,8806173438310 ,"Fresh Herb Cleansing Foam, Peach, 5.74 fl oz (170 ml)",NRP,Nature Republic,On Sale,64
NRP48845,8806173488452 ,"Super Aqua Max Watery Essence, 1.69 fl oz (50 ml)",NRP,Nature Republic,New Seller,3
NRP48298,8806173482986 ,"Aloe Vera Cleansing Gel Cream, 5.07 fl oz (150 ml)",NRP,Nature Republic,On Sale,70
NRP48257,8806173482573 ,"Green Derma Tea Tree Cica, Soothing Cream, 3.38 fl oz (100 ml)",NRP,Nature Republic,On Sale,19
PIT10257,8809563102570 ,"Oat-In Intense Cream, 5.07 fl oz (150 ml)",PIT,Purito,NoPO,36
DMX48145,8809886481451 ,"Oyster Pep-3 Renewal Cream , 1.69 fl oz (50 ml)",DMX,Dr.Melaxin,New Seller,2
MUZ58005,8809836580050 ,"Objet Liquid, 005 Stunning, 1 Count",MUZ,Muzigae Mansion,On Sale,7
NRP48221,8806173482214 ,"Cica D1, Green Derma Mild Cica Serum, 1.69 fl oz (50 ml)",NRP,Nature Republic,On Sale,11
NRP46216,8806173462162 ,"Good Skin, Niacinamide Ampoule, 1.01 fl oz (30 ml)",NRP,Nature Republic,On Sale,8
APB68272,8809874682723 ,"Glutathione Niacinamide, Facial Cleanser, 2.71 fl oz (80 ml)",APB,APLB,On Sale,168
DMX48186,8809886481864 ,"Bondex Clinic I, Protein Binding Remodeling Shampoo, All Hair Types, 13.52 fl oz (400 ml)",DMX,Dr.Melaxin,New Seller,19
LFT68201,8805915682011 ,"Probiotic, Slim, 60 Sticks, (2 g) Each",LFT,Lactofit,On Sale,336
NRP48296,8806173482962 ,"Soothing & Moisture Aloe Vera, Cleansing Tissue, 80 Sheets",NRP,Nature Republic,On Sale,0
APL22634,8804014226348 ,"Hyaluron Shot, Light Ampoule, 3.38 fl oz (100 ml)",APL,AMPLE:N,NoPO,4
HBF94493,8809617944934 ,"Cheongyang Mayo Almond, 4.23 oz (120 g)",HBF,HBAF,On Sale,42
LFT68241,8805915682417 ,"Probiotics, Vegetable , 60 Sticks, (2 g) Each",LFT,Lactofit,On Sale,45
SRI99720,8809083997205 ,"More Than Lip Balm, 0.14 oz (4 g)",SRI,Sioris,On Sale,57
NRP48620,8806173486205 ,"Real Squeeze, Aloe Vera Hydrogel Eye Patch, 60 ea, 2.46 oz (70 g)",NRP,Nature Republic,On Sale,48
MUZ58037,8809836580371 ,"Objet Liquid, 017 Softie, 1 Count",MUZ,Muzigae Mansion,On Sale,18
SRI99757,8809083997571 ,"Back To My Memories Hand Cream, 1.69 fl oz (50 ml)",SRI,Sioris,On Sale,8
LFT68181,8805915681816 ,"Probiotic, Beauty, 60 Sticks, (2 g) Each",LFT,Lactofit,On Sale,255
HBF94533,8809617945337 ,"Laver Almond, 4.23 oz (120 g)",HBF,HBAF,On Sale,46
NRP47552,8806173475520 ,"Skin Smoothing Body Peeling Mist, Peach, 10.14 fl oz (300 ml)",NRP,Nature Republic,On Sale,54
NRP47879,8806173478798 ,"Real Squeeze Aloe Vera, Emulsion, 4.39 fl oz (130 ml)",NRP,Nature Republic,On Sale,16
APB68274,8809874682747 ,"Glutathione Niacinamide, Body Lotion, 10.14 fl oz (300 ml)",APB,APLB,On Sale,618
DMX48148,8809886481482 ,"Oyster Pep-3 Renewal Oil Mist, 3.38 fl oz (100 ml)",DMX,Dr.Melaxin,New Seller,7
MUZ58027,8809836580272 ,"Icy Glow, 07 Purity, 1 Count",MUZ,Muzigae Mansion,On Sale,10
PIT10307,8809563103072 ,"Wonder Releaf Centella Daily Sun Lotion, SPF 50+ PA++++, 2.02 fl oz (60 ml)",PIT,Purito,NoPO,536
NRP47936,8806173479368 ,"Herbology, Broccoli Sprout Purifying Cream, 2.36 fl oz (70 ml)",NRP,Nature Republic,NoPO,5
SRI58874,8806158588740 ,"Light It Up Essener, 3.38 fl oz (100 ml)",SRI,Sioris,NoPO,10
NRP43829,8806173438297 ,"Fresh Herb Cleansing Foam, Aloe, 5.74 fl oz (170 ml)",NRP,Nature Republic,On Sale,65
NRP46220,8806173462209 ,"Good Skin, Collagen Ampoule, 1.01 fl oz (30 ml)",NRP,Nature Republic,On Sale,59
SRI99708,8809083997083 ,"Cleanse Me Softly Milk Cleanser, 6.76 fl oz (200 ml)",SRI,Sioris,On Sale,25
NRP46864,8806173468645 ,"Argan Essential Curling Essence, 3.38 fl oz (100 ml)",NRP,Nature Republic,NoPO,8
APL23865,8804014238655 ,"Purifying Shot, Cream Cleaner, 5.07 fl oz (150 ml)",APL,AMPLE:N,NoPO,11
MUZ58024,8809836580241 ,"Icy Glow, 04 Wonder, 1 Count",MUZ,Muzigae Mansion,On Sale,9
NRP45742,8806173457427 ,"Jeju Sparkling Cleansing Tissue, 50 Sheets",NRP,Nature Republic,On Sale,7
PIT10098,0 ,"Inner Green, Reusable Cotton Rounds, 10 Pads + Mesh Bag",PIT,Purito,NoPO,4
PIT10273,8809563102730 ,"Clear Code Superfruit Serum, 1.01 fl oz (30 ml)",PIT,Purito,NoPO,29
APB68399,8809874683997 ,"Glutathione Niacinamide, Cleansing Balm, 2.71 fl oz (80 ml)",APB,APLB,New Seller,26
MUZ58002,8809836580029 ,"Objet Liquid,  002 Sequence, 1 Count",MUZ,Muzigae Mansion,On Sale,19
HBF94201,8809617942015 ,"Caramel Salted Almond & Pretzel , 4.23 oz (120 g)",HBF,HBAF,On Sale,115
MUZ58033,8809836580333 ,"Objet Liquid, 013 Appeal, 1 Count",MUZ,Muzigae Mansion,On Sale,14
NRP48695,8806173486953 ,"Kombucha Black Tea, The First Essence, 4.73 fl oz (140 ml)",NRP,Nature Republic,On Sale,9
NRP48703,8806173487035 ,"Black Bean, Invigorating Hair Shampoo, For All Types of Hair, 10.14 fl oz (300 ml)",NRP,Nature Republic,On Sale,38
APB68271,8809874682716 ,"Glutathione Niacinamide, Mist Essence, 3.55 fl oz (105 ml)",APB,APLB,On Sale,119
APL22641,8804014226416 ,"Acne Shot, Ampoule, 1.01 fl oz (30 ml)",APL,AMPLE:N,NoPO,0
NRP42355,8806173423552 ,"Bamboo Charcoal Mud Pack, 5.29 oz (150 g)",NRP,Nature Republic,On Sale,22
DMX48164,8809886481642 ,"Necksphalt, ECM Neck Barrier Cream, 1.69 fl oz (50 ml)",DMX,Dr.Melaxin,New Seller,12
PIT10063,8809563100637 ,"Defence Barrier pH Cleanser, 5.07 fl oz (150 ml)",PIT,Purito,NoPO,8
SRI99706,8809083997069 ,"Day By Day Cleaning Gel, 5.07 oz (150 ml)",SRI,Sioris,On Sale,19
NRP46865,8806173468652 ,"Argan Essential Moist, Hair Mist, 7.43 fl oz (220 ml)",NRP,Nature Republic,On Sale,128
NRP48704,8806173487042 ,"Black Bean, Invigorating Hair Treatment, 6.76 fl oz (200 ml)",NRP,Nature Republic,On Sale,19
APL22249,0 ,"Purifying Shot, Toner, 20.28 fl oz (600 ml)",APL,AMPLE:N,NoPO,0
NRP46989,8806173469895 ,"Snail Solution, Emulsion, 4.05 fl oz (120 ml)",NRP,Nature Republic,NoPO,8
HBF94477,8809617944774 ,"Hot & Spicy Chicken Almond, 4.23 oz (120 g)",HBF,HBAF,On Sale,104
NRP48619,8806173486199 ,"Real Squeeze Aloe Vera Eye Serum, 0.5 fl oz (15 ml)",NRP,Nature Republic,On Sale,38
APL22040,8804014220407 ,"Peeling Shot, Ampoule, 1.01 fl oz (30 ml)",APL,AMPLE:N,NoPO,0
MUZ58009,8809836580098 ,"Objet Liquid, 009 Perception, 1 Count",MUZ,Muzigae Mansion,On Sale,5
SRI55330,8806158553304 ,"Fresh Moment Cleansing Oil, 6.76 fl oz (200 ml)",SRI,Sioris,On Sale,18
APB68269,8809874682693 ,"Glutathione Niacinamide, Beauty Sheet Mask, 1 Sheet, 0.85 fl oz (25 ml)",APB,APLB,NoPO,615
DMX48193,8809886481932 ,"Eyephalt, Eyecream for Eyebags, 0.33 fl oz (10 ml)",DMX,Dr.Melaxin,New Seller,26
MUZ58076,8809836580760 ,"Moodwear Blur Lipstick, 006 Ruffle, 1 Count",MUZ,Muzigae Mansion,On Sale,11
NRP47939,8806173479399 ,"Herbology, White Ginger Relaxing Body Cream, 2.36 fl oz (70 ml)",NRP,Nature Republic,NoPO,12
TSN01014,8809616010142 ,"TS Chakhan Hair Color Cream, No.5 Dark Brown, 1 Kit",TSN,TS Trillion,NoPO,32
MUZ58028,8809836580289 ,"Icy Glow, 08 Deserve , 1 Count",MUZ,Muzigae Mansion,On Sale,8
MUZ58041,8809836580418 ,"Objet Water, 001 Signature, 6 ml",MUZ,Muzigae Mansion,On Sale,48
MUZ58082,8809836580821 ,"Sleek Matt Cushion, SPF 50, PA4+, N21, 15 g",MUZ,Muzigae Mansion,On Sale,12
DMX48184,8809886481840 ,"TX Retinalsome Double Effect Eye Cream, 1.41 oz (40 g)",DMX,Dr.Melaxin,New Seller,14
DMX48170,8809886481703 ,"Exosome Repair Ampoule Plus , 1.35 fl oz (40 ml)",DMX,Dr.Melaxin,New Seller,23
PIT10260,8809563102600 ,"Daily Soft Touch Sunscreen, SPF 50+, PA++++, 2.02 fl oz (60 ml)",PIT,Purito,NoPO,142
SRI55258,8806158552581 ,"Enriched by Nature Cream, 1.69 fl oz (50 ml)",SRI,Sioris,On Sale,18
APL23866,8804014238662 ,"Purifying Shot, Pumpkin Enzyme Peeling Gel, 3.38 fl oz (100 ml)",APL,AMPLE:N,NoPO,2
MUZ58081,8809836580814 ,"Sleek Matt Cushion, SPF 50, PA4+, N19, 15 g",MUZ,Muzigae Mansion,On Sale,13
PIT10035,8809563100354 ,"From Green, Deep Foaming Cleanser, 5.07 fl oz (150 ml)",PIT,Purito,NoPO,17
PIT10082,8809563100828 ,"Centella Unscented Mini Kit, 3 Piece Kit",PIT,Purito,On Sale,74
APL24293,8804014242935 ,"Blemi Shot, Ampoule, 1.69 fl oz (50 ml)",APL,AMPLE:N,NoPO,10
DMX48141,8809886481413 ,"TX-Cream, 1.69 fl oz (50 ml)",DMX,Dr.Melaxin,New Seller,77
NRP47346,8806173473465 ,"Shea Butter, Moist Steam Cream, 3.38 fl oz (100 ml)",NRP,Nature Republic,On Sale,33
TSN01025,8809616010258 ,"Premium TS Treatment, 6.76 fl oz (200 ml)",TSN,TS Trillion,NoPO,18
APL24095,8804014240955 ,"Centel Calming Shot, First Gel Cleanser, 5.07 fl oz (150 ml)",APL,AMPLE:N,NoPO,11
APL23941,8804014239416 ,"Centel Calming Shot, Toner Pad, 60 Pads, 6.08 fl oz (180 ml)",APL,AMPLE:N,NoPO,4
HBF94450,8809617944507 ,"Wasabi Almond, 4.23 oz (120 g)",HBF,HBAF,On Sale,85
LFT69431,8805915694311 ,"Probiotic, Liver Support, 60 Sticks, (2 g) Each",LFT,Lactofit,On Sale,108
NRP45415,8806173454150 ,"California Aloe Fresh Powdery Sun Stick, SPF 50+, 0.71 oz (21 g)",NRP,Nature Republic,On Sale,26
MUZ58051,8809836580517 ,"Fitting Blush, 01 Odd, 1 Count",MUZ,Muzigae Mansion,On Sale,16
APB68276,8809874682761 ,"Glutathione Niacinamide, Sunscreen, SPF 50+ PA ++++, 1.35 fl oz (40 ml)",APB,APLB,On Sale,309
DMX48167,8809886481673 ,"Cemenrete, Calcium Dark Spot Eye Cream, 0.52 oz (15 g)",DMX,Dr.Melaxin,New Seller,16
NRP48604,8806173486045 ,"Kombucha Black Tea, Treatment Ampoule 78%, 1 Count",NRP,Nature Republic,On Sale,6
DMX48144,8809886481444 ,"Oyster Pep-3 Renewal Ampoule, 1.01 fl oz (30 ml)",DMX,Dr.Melaxin,New Seller,2
LFT67871,8805915678717 ,"Probiotic, Kids , 60 Sticks, (2 g) Each",LFT,Lactofit,On Sale,112
NRP46222,8806173462223 ,"Good Skin, Vitamin E Ampoule, 1.01 fl oz (30 ml)",NRP,Nature Republic,On Sale,45
APB68398,8809874683980 ,"Glutathione Niacinamide, Cleansing Oil, 3.55 fl oz (105 ml)",APB,APLB,New Seller,14
NRP46861,8806173468614 ,"Argan Essential Deep Care Hair Pack, 200 ml",NRP,Nature Republic,On Sale,160
MUZ58043,8809836580432 ,"Objet Water, 003 Posh, 6 ml",MUZ,Muzigae Mansion,On Sale,46
NRP47021,8806173470211 ,"Snail Solution, Cream, 1.75 fl oz (52 ml)",NRP,Nature Republic,NoPO,4
DMX48109,8809886481093 ,"Exosome Repair Cream , 1.69 fl oz (50 ml)",DMX,Dr.Melaxin,New Seller,23
SRI99705,8809083997052 ,"Time Is Running Out Mist, 3.38 fl oz (100 ml)",SRI,Sioris,On Sale,38
TSN01013,8809616010135 ,"TS Chakhan Hair Color Cream, No. 3 Natural Black, 1 Kit",TSN,TS Trillion,NoPO,16
MUZ58045,8809836580456 ,"Objet Water, 005 Diva, 6 ml",MUZ,Muzigae Mansion,On Sale,3
SRI77910,8809186779104 ,"All Your Love Body Cream, 10.14 fl oz (300 ml)",SRI,Sioris,On Sale,16
HBF94494,8809617944941 ,"Garlic Bread Almond, 4.23 oz (120 g)",HBF,HBAF,On Sale,72
NRP47193,8806173471935 ,"Forest Garden Chamomile, Deep Cleansing Oil, 6.76 fl oz (200 ml)",NRP,Nature Republic,On Sale,69
DMX48086,8809886480867 ,"TX-Ampoule Rx, 1.01 fl oz (30 ml)",DMX,Dr.Melaxin,New Seller,33
NRP44935,8806173449354 ,"Real Nature Beauty Mask Sheet, Royal Jelly, 1 Sheet, 0.77 fl oz (23 ml)",NRP,Nature Republic,On Sale,22
NRP48222,8806173482221 ,"CICA D1,  Green Derma Mild CICA Cream, 6.42 fl oz (190 ml)",NRP,Nature Republic,NoPO,4
TSN01017,8809616010173 ,"TS Chakhan Hair Color Cream, No. 7 Light Brown, 1 Kit",TSN,TS Trillion,NoPO,25
APB68275,8809874682754 ,"Glutathione Niacinamide, Eye Cream, 0.68 fl oz (20 ml)",APB,APLB,On Sale,107
APB68400,8809874684000 ,"Glutathione Niacinamide, Cleansing Water, 5.41 fl oz (160 ml)",APB,APLB,New Seller,30
NRP47347,8806173473472 ,"Shea Butter, Fresh Steam Cream, 3.38 fl oz (100 ml)",NRP,Nature Republic,On Sale,12
MUZ58006,8809836580067 ,"Objet Liquid, 006 Notable, 1 Count",MUZ,Muzigae Mansion,On Sale,10
PIT10096,8809563100965 ,"Daily Go-To Sunscreen, SPF 50+ PA++++, 2.02 fl oz (60 ml)",PIT,Purito,NoPO,5
DMX48171,8809886481710 ,"Cemenrete, Calcium Intense Ampoule Plus, 1.01 fl oz (30 ml)",DMX,Dr.Melaxin,New Seller,5
NRP49010,8806173490103 ,"Mild & Moisture Aloe Vera Watery Gel, 8.45 fl oz (250 ml)",NRP,Nature Republic,On Sale,67
TSN01035,8809616010357 ,"The Trust TS Shampoo, 10.58 oz (300 g)",TSN,TS Trillion,NoPO,3
SRI99710,8809083997106 ,"Deep In A Barrier Cream, 1.69 fl oz (50 ml)",SRI,Sioris,On Sale,19
PIT10229,0 ,"Weekend Getaway Kit, 4 Piece Kit",PIT,Purito,NoPO,3
NRP43830,8806173438303 ,"Fresh Herb Cleansing Foam, Snail, 5.74 fl oz (170 ml)",NRP,Nature Republic,On Sale,98
PIT10033,8809563100330 ,"Wonder Releaf Centella Spot Patch, 51 Patches",PIT,Purito,NoPO,334
NRP48843,8806173488438 ,"Super Aqua Max, Watery Toner, 5.07 fl oz (150 ml)",NRP,Nature Republic,New Seller,15
PIT10184,8809563101849 ,"Hydrop Sweet Gel Mask, For Dry Skin, 3.52 oz (100 g)",PIT,Purito,NoPO,2
MUZ58038,8809836580388 ,"Objet Liquid, 018 Knockout, 1 Count",MUZ,Muzigae Mansion,On Sale,3
NRP47941,8806173479412 ,"Herbology, Molokhia Deep Moisture Cream, 2.36 fl oz (70 ml)",NRP,Nature Republic,NoPO,6
SRI55257,8806158552574 ,"My First Essener, 100 ml (3.38 fl oz)",SRI,Sioris,On Sale,19
DMX48157,8809886481574 ,"Exosome Repair Beauty Mask Pack, 5 Sheets, 1.05 oz (30 g) Each",DMX,Dr.Melaxin,New Seller,26
DMX48005,8809886480058 ,"TX-Peeling Toner, 5.07 fl oz (150 ml)",DMX,Dr.Melaxin,New Seller,32
MUZ58052,8809836580524 ,"Fitting Blush, 02 Kinda, 1 Count",MUZ,Muzigae Mansion,On Sale,9
NRP44948,8806173449484 ,"Real Nature Beauty Mask Sheet, Tea Tree, 1 Sheet, 0.77 fl oz (23 ml)",NRP,Nature Republic,On Sale,81
MUZ58053,8809836580531 ,"Fitting Blush, 03 Ecstasy, 1 Count",MUZ,Muzigae Mansion,On Sale,11
NRP47938,8806173479382 ,"Herbology, Mallow Sensitive Cream, 2.36 fl oz (70 ml)",NRP,Nature Republic,NoPO,3
NRP48435,8806173484355 ,"Green Derma Tea Tree Cica, After Care Spot Patch, 60 Count",NRP,Nature Republic,On Sale,23
HBF94449,8809617944491 ,"Honey Butter Almond, 4.23 oz (120 g)",HBF,HBAF,On Sale,213
LFT68101,8805915681014 ,"Probiotic, Core, 60 Sticks, (2 g) Each",LFT,Lactofit,On Sale,277
APB68268,8809874682686 ,"Glutathione Niacinamide, Facial Cream, 1.86 fl oz (55 ml)",APB,APLB,On Sale,417
HBF94578,8809617945788 ,"Roasted Onion Almond, 4.23 oz (120 g)",HBF,HBAF,On Sale,67
DMX48198,8809886481987 ,"Cemenrete, Picotonic Shot Pigmentation Corrector Calcium Ampoule, 1.01 fl oz (30 ml)",DMX,Dr.Melaxin,New Seller,4
NRP44946,8806173449460 ,"Real Nature Beauty Mask Sheet, Rose,  1 Sheet, 0.77 fl oz (23 ml)",NRP,Nature Republic,On Sale,65
NRP46862,8806173468621 ,"Argan Essential Hair No Wash Treatment, 5.41 fl oz (160 ml)",NRP,Nature Republic,On Sale,43
LFT69271,8805915692713 ,"Probiotic, Blood Sugar Care, 60 Sticks, (2 g) Each",LFT,Lactofit,On Sale,74
SRI99761,8809083997618 ,"Cleanse Me Softly Milk Cleanser, Citrus, 6.76 fl oz (200 ml)",SRI,Sioris,On Sale,14
NRP48603,8806173486038 ,"Kombucha Black Tea, Treatment Emulsion 82%, 1 Count",NRP,Nature Republic,On Sale,9
HBF94478,8809617944781 ,"Tteokbokki Almond, 4.23 oz (120 g)",HBF,HBAF,On Sale,108
NRP47070,8806173470709 ,"Green Derma Tea Tree Cica, Relief Care Spot Patch, 60 Patches",NRP,Nature Republic,On Sale,22
NRP47551,8806173475513 ,"Skin Smoothing Body Peeling Mist, Phytoncide, 10.14 fl oz (300 ml)",NRP,Nature Republic,On Sale,70
NRP45607,8806173456079 ,"Real Nature Beauty Mask Sheet, Shea Butter, 1 Sheet, 0.77 fl oz (23 ml)",NRP,Nature Republic,On Sale,158
NRP44938,8806173449385 ,"Real Nature Beauty Mask Sheet, Tomato, 1 Sheet, 0.77 fl oz (23 ml)",NRP,Nature Republic,On Sale,42
PIT10221,8809563102211 ,"Re:store Cleansing Bar, Fragrance Free, 3.52 (100 g)",PIT,Purito,NoPO,8
MUZ58061,8809836580616 ,"Fitting Blush, Fabulous, 1 Count",MUZ,Muzigae Mansion,On Sale,7
DMX48165,8809886481659 ,"Necksphalt, ECM Neck Barrier Ampoule, 10 Count,  0.05 fl oz (1.5 ml) Each",DMX,Dr.Melaxin,New Seller,13
PIT10220,8809563102204 ,"Re:fresh Cleansing Bar, Charcoal + Sea Kelp, Fragrance Free, 3.52 oz (100 g)",PIT,Purito,NoPO,13
MUZ58084,8809836580845 ,"Sleek Matt Cushion, SPF 50, PA4+, N25, 15 g",MUZ,Muzigae Mansion,On Sale,6
DMX48135,8809886481352 ,"Exosome Enzyme Cleanser, Papaya Powder Wash, 1.7 oz (50 g)",DMX,Dr.Melaxin,New Seller,21
HBF94451,8809617944514 ,"Baked Corn Almond, 4.23 oz (120 g)",HBF,HBAF,On Sale,72
PIT10276,8809563102761 ,"Clear Code Superfruit Cleanser, 5.07 fl oz (150 ml)",PIT,Purito,NoPO,10
SRI77911,8809186779111 ,"Have A Fresh Day Body Wash, 10.14 fl oz (300 ml)",SRI,Sioris,NoPO,14
NRP46988,8806173469888 ,"Snail Solution, Skin Booster, 4.39 fl oz (130 ml)",NRP,Nature Republic,NoPO,17
NRP48186,8806173481866 ,"Vitapair C D2, Vitampair C Toner, 10.14 fl oz (300 ml)",NRP,Nature Republic,NoPO,9
SRI99760,8809083997601 ,"Organic Sioris Hand & Lip Care Set, 2 Piece Set",SRI,Sioris,On Sale,45
NRP47553,8806173475537 ,"Body Peeling Mist, Cotton, 10.14 fl oz (300 ml)",NRP,Nature Republic,On Sale,64
SRI77899,8809186778992 ,"Let Me Refresh Foam Cleanser, 4.05 fl oz (120 ml)",SRI,Sioris,On Sale,12
LFT67861,8805915678618 ,"Probiotic, Bebe, 60 Sticks, (2 g) Each",LFT,Lactofit,On Sale,56
NRP45606,8806173456062 ,"Real Nature Beauty Mask Sheet, Olive, 1 Sheet, 0.77 fl oz (23 ml)",NRP,Nature Republic,On Sale,109
NRP48847,8806173488476 ,"Super Aqua Max, Combination Watery Cream, 2.7 fl oz (80 ml)",NRP,Nature Republic,On Sale,42
DMX48134,8809886481345 ,"Exosome Repair Toner, 10.14 fl oz (300 ml)",DMX,Dr.Melaxin,New Seller,23
NRP48297,8806173482979 ,"Soothing & Moisture Aloe Vera Foam Cleanser, 5.07 fl oz (150 ml)",NRP,Nature Republic,On Sale,118
PIT10230,8809563102303 ,"Breeze Water Gel Cream, 2.7 fl oz (80 ml)",PIT,Purito,NoPO,3
PIT10263,0 ,"101 Set, 5 Piece Set",PIT,Purito,NoPO,1
MUZ58036,8809836580364 ,"Objet Liquid, 016 After, 1 Count",MUZ,Muzigae Mansion,On Sale,10
APL22043,8804014220438 ,"VC Shot, Ampoule, 3.38 fl oz (100 ml)",APL,AMPLE:N,NoPO,1
LFT67921,8805915679219 ,"Probiotic, Gold , 50 Sticks, (2 g) Each",LFT,Lactofit,On Sale,309
NRP46214,8806173462148 ,"Good Skin, Tea Tree Ampoule, 1.01 fl oz (30 ml)",NRP,Nature Republic,On Sale,17
MUZ58025,8809836580258 ,"Icy Glow, 05 Tempting, 1 Count",MUZ,Muzigae Mansion,On Sale,2
APB68273,8809874682730 ,"Glutathione Niacinamide, Body Wash, 10.14 fl oz (300 ml)",APB,APLB,On Sale,433
NRP43832,8806173438327 ,"Fresh Herb Cleansing Foam, Acerola, 5.74 fl oz (170 ml)",NRP,Nature Republic,On Sale,90
PIT10219,8809563102198 ,"Re:lief Cleansing Bar Soap, Fragrance Free, 3.52 oz (100 g)",PIT,Purito,NoPO,5
NRP48434,8806173484348 ,"Real Squeeze Aloe Vera Balm, 0.88 oz (25 g)",NRP,Nature Republic,On Sale,4
PIT10212,8809563102129 ,"Dermide Relief Barrier Moisturizer, For Dry & Sensitive Skin, 3.38 fl oz (100 ml)",PIT,Purito,NoPO,107
DMX48115,8809886481154 ,"Cemenrete CX, Calcium Intense Cream , 1.69 fl oz (50 ml)",DMX,Dr.Melaxin,New Seller,13
MUZ58055,8809836580555 ,"Fitting Blush, 05 Find, 1 Count",MUZ,Muzigae Mansion,On Sale,3
MUZ58047,8809836580470 ,"Objet Water, 007 Rare, 6 ml",MUZ,Muzigae Mansion,On Sale,39
NRP47192,8806173471928 ,"Calendula Forest Garden, Deep Cleansing Oil, 6.76 fl oz (200 ml)",NRP,Nature Republic,On Sale,49
NRP47492,8806173474929 ,"JeJu Sparkling Foam Cleanser, 10.14 fl oz (300 ml)",NRP,Nature Republic,On Sale,28
NRP46867,8806173468676 ,"Argan, Essential Deep Care Shampoo, For Extremely Damaged Hair, 10.14 fl oz (300 ml)",NRP,Nature Republic,On Sale,116
NRP47345,8806173473458 ,"Shea Butter, Ultra Steam Cream, 3.38 fl oz (100 ml)",NRP,Nature Republic,On Sale,30
NRP48264,8806173482641 ,"Vitapair C D2, Vitamin Peeling Gel, 4.05 fl oz (120 ml)",NRP,Nature Republic,NoPO,12
APB68270,8809874682709 ,"Glutathione Niacinamide, Facial Toner, 5.41 fl oz (160 ml)",APB,APLB,On Sale,249
NRP48605,8806173486052 ,"Kombucha Black Tea, Treatment Cream 70%, 1.69 fl oz (50 ml)",NRP,Nature Republic,On Sale,14
NRP47937,8806173479375 ,"Herbology, Onion Recovery Cream, 2.36 fl oz (70 ml)",NRP,Nature Republic,NoPO,17
APB68401,8809874684017 ,"Glutathione Niacinamide, Toner Pad, 60 Pads, 3.38 fl oz (100 ml)",APB,APLB,New Seller,29
DMX48199,8809886481994 ,"Cemenrete, Picotonic Shot Pigmentation Corrector Calcium Cream, 0.88 oz (25 g)",DMX,Dr.Melaxin,New Seller,8
NRP48844,8806173488445 ,"Super Aqua Max, Watery Emulsion, 4.39 fl oz (130 ml)",NRP,Nature Republic,New Seller,19
MUZ58040,8809836580401 ,"Objet Liquid, 020 Pleasure, 1 Count",MUZ,Muzigae Mansion,On Sale,4
MUZ58072,8809836580722 ,"Moodwear Blur Lipstick, 002 Maxi, 1 Count",MUZ,Muzigae Mansion,On Sale,5
MUZ58077,8809836580777 ,"Moodwear Blur Lipstick, 007 Hippy, 1 Count",MUZ,Muzigae Mansion,On Sale,5
MUZ58083,8809836580838 ,"Sleek Matt Cushion, SPF 50, PA4+, N23, 15 g",MUZ,Muzigae Mansion,On Sale,21
NRP47490,8806173474905 ,"Jeju Sparkling, Mud Foam Cleanser, 5.07 fl oz (150 ml)",NRP,Nature Republic,On Sale,61
MUZ58078,8809836580784 ,"Moodwear Blur Lipstick, 008 Revenge, 1 Count",MUZ,Muzigae Mansion,On Sale,8
DMX48147,8809886481475 ,"Oyster Pep-3 Renewal Beauty Mask Pack, 5 Sheets, 1.05 fl oz (30 g) Each",DMX,Dr.Melaxin,New Seller,8
APL21688,0 ,"Hyaluron Shot, Ampoule, 3.38 fl oz (100 ml)",APL,AMPLE:N,NoPO,3
NRP46868,8806173468683 ,"Argan Essential Deep Care Conditioner, For Extremely Damaged Hair, 10.14 fl oz (300 ml)",NRP,Nature Republic,On Sale,38
MUZ58026,8809836580265 ,"Icy Glow, 06 Cheshire, 1 Count",MUZ,Muzigae Mansion,On Sale,15
NRP46863,8806173468638 ,"Argan Essential Deep Care Hair Essence, 2.7 fl oz (80 ml)",NRP,Nature Republic,On Sale,69
MUZ58021,8809836580210 ,"Icy Glow, 01 Vague , 1 Count",MUZ,Muzigae Mansion,On Sale,10
DMX48185,8809886481857 ,"Bondex Clinic II, Protein Bonding Remodeling Clinic, 8.45 fl oz (250 ml)",DMX,Dr.Melaxin,New Seller,20
MUZ58032,8809836580326 ,"Objet Liquid, 012 Symbol, 1 Count",MUZ,Muzigae Mansion,On Sale,5
SRI55290,8806158552901 ,"Calm Me Down Cream, 1.69 fl oz (50 ml)",SRI,Sioris,NoPO,15
