SKU,UPC Code,Product Description,Brand Code,Brand Name,2025.05_Status,25-May
GWU09192,8809704091923 ,"Algae Therapy Mineral No-Wash Treatment, 5.07 fl oz (150 ml)",GWU,GROWUS,New Pending,0
NRP48814,8806173488148 ,"Mild & Moisture, Aloe Vera Watery Gel, 10.56 fl oz (300 ml)",NRP,Nature Republic,On Sale,3482
APB68538,8809874685380 ,"Exosome Retinol EX Serum , 1.35 fl oz (40 ml)",APB,APLB,New Pending,0
APB68546,8809874685465 ,"Exosome Retinol EX Cream , 1.86 fl oz (55 ml)",APB,APLB,New Pending,0
APB68548,8809874685489 ,"Exosome Collagen EX Cream, 1.86 fl oz (55 ml)",APB,APLB,New Pending,0
NRP46862,8806173468621 ,"Argan Essential Hair No Wash Treatment, 5.41 fl oz (160 ml)",NRP,Nature Republic,NoPO,71
OOT81375,8809349813751 ,"Variety Hydrating Serum Sheet Beauty Masks, 12 Sheets, 0.88 oz (25 g) Each",OOT,OOTD,New Pending,0
APB68412,8809874684123 ,"Squalane Hyaluronic Acid Ampoule Serum, 1.35 fl oz (40 ml)",APB,APLB,New Pending,0
APB68416,8809874684161 ,"Ascorbyl Glucoside Peptide Ampoule Serum , 1.35 fl oz (40 ml)",APB,APLB,New Pending,0
NRP48298,8806173482986 ,"Aloe Vera Cleansing Gel Cream, 5.07 fl oz (150 ml)",NRP,Nature Republic,On Sale,131
GBL54364,8809743543643 ,"Glutathione Brightening Ampoule Beauty Mask, 5 Sheets, 0.84 fl oz (25 ml) Each",GBL,Genabelle,New Seller,49
PNA09329,8809704093293 ,"Cicamanu Serum Cushion, 35N Caramel, 0.52 oz (15 g)",PNA,Parnell,New Seller,0
NRP48257,8806173482573 ,"Green Derma Tea Tree Cica, Soothing Cream, 3.38 fl oz (100 ml)",NRP,Nature Republic,On Sale,24
PIT10257,8809563102570 ,"Oat-In Intense Cream, 5.07 fl oz (150 ml)",PIT,Purito,NoPO,11
DMX48160,8809886481604 ,"Aqua Ion Plasma Hydrating Gel Cream, 1.69 fl oz (50 ml)",DMX,Dr.Melaxin,New Seller,11
OOT81206,8809349812068 ,"Collagen Supreme Beauty Mask, 10 Sheets, 0.88 oz (25 g) Each",OOT,OOTD,New Pending,0
MUZ58037,8809836580371 ,"Objet Liquid, 017 Softie, 1 Count",MUZ,Muzigae Mansion,NoPO,18
MVY80193,8809849801937 ,"Artichoke Soothing Affect Pore Toner Pad, 70 Pads, 5.64 oz (160 g)",MVY,Molvany,New Pending,0
SRI99757,8809083997571 ,"Back To My Memories Hand Cream, 1.69 fl oz (50 ml)",SRI,Sioris,On Sale,38
APB68471,8809874684710 ,"Caffeine Niacinamide Facial Cream , 1.86 fl oz (55 ml)",APB,APLB,New Pending,0
NRP47346,8806173473465 ,"Shea Butter, Moist Steam Cream, 3.38 fl oz (100 ml)",NRP,Nature Republic,On Sale,15
OOT81320,8809349813201 ,"Clarifying Niacinamide Serum, Fragrance Free , 1.69 fl oz (50 ml)",OOT,OOTD,New Pending,0
PNA09305,8809704093057 ,"Cicamanu Serum Cushion, 30N Rich Beige, 0.52 oz (15 g)",PNA,Parnell,New Seller,1
GBL54124,8809743541243 ,"PDRN Rejuvenating Beauty Mask, 5 Sheets, 0.84 fl oz (25 ml) Each",GBL,Genabelle,New Seller,156
LFT68201,8805915682011 ,"Probiotic, Slim, 60 Sticks, (2 g) Each",LFT,Lactofit,On Sale,352
DMX48087,8809886480874 ,"Bio-Spicule, Pore Barrier Cream, 1.76 oz (50 g)",DMX,Dr.Melaxin,New Seller,26
NRP48296,8806173482962 ,"Soothing & Moisture Aloe Vera, Cleansing Tissue, 80 Sheets",NRP,Nature Republic,NoPO,0
APB68508,8809874685083 ,"PDRN Vitamin C Ampoule Serum , 1.35 fl oz (40 ml)",APB,APLB,New Pending,0
PNA09306,8809704093064 ,"Cicamanu Serum Cushion, 33C Cool Cream, 0.52 oz (15 g)",PNA,Parnell,New Seller,0
APB68425,8809874684253 ,"Adenosine Vitamin C Facial Cream , 1.86 fl oz (55 ml)",APB,APLB,New Pending,0
DMX48235,8809886482359 ,"Cicapyrin Calming Ampoule , 1.01 fl oz (30 ml)",DMX,Dr.Melaxin,New Seller,3
MVY05763,8809595057633 ,"Mugwort Heating Therapy Pack, 3.52 oz (100 g)",MVY,Molvany,New Pending,0
OOT81205,8809349812051 ,"Ceramide Care Beauty Mask, 10 Sheets, 0.88 oz (25 g) Each",OOT,OOTD,New Pending,0
DMX48236,8809886482366 ,"Peel Shot, Exfoliant Rice Ampoule, For All Skin Types, 2.7 fl oz (80 ml)",DMX,Dr.Melaxin,New Seller,122
MUZ58047,8809836580470 ,"Objet Water, 007 Rare, 6 ml",MUZ,Muzigae Mansion,On Sale,43
PNA09318,8809704093187 ,"Cicamanu Serum Cushion, 19N Neutral Porcelain, 0.52 oz (15 g)",PNA,Parnell,New Seller,2
APB68398,8809874683980 ,"Glutathione Niacinamide, Cleansing Oil, 3.55 fl oz (105 ml)",APB,APLB,On Sale,121
GBL39037,8809690390376 ,"Bluecalm Rescue Gel , 0.33 fl oz (10 ml)",GBL,Genabelle,New Seller,14
PNA09302,8809704093026 ,"Cicamanu Serum Cushion, 25N Ratan, 0.52 oz (15 g)",PNA,Parnell,New Seller,3
MUZ58082,8809836580821 ,"Sleek Matt Cushion, SPF 50, PA4+, N21, 15 g",MUZ,Muzigae Mansion,On Sale,34
APB68409,8809874684093 ,"Adenosine Vitamin C Ampoule Serum, 1.35 fl oz (40 ml)",APB,APLB,New Pending,0
APB68539,8809874685397 ,"Exosome Vitamin C EX Serum, 1.35 fl oz (40 ml)",APB,APLB,New Pending,0
APB68387,8809874683874 ,"Tranexamic Acid Niacinamide Ampoule Serum , 1.35 fl oz (40 ml)",APB,APLB,New Pending,0
GWU07390,8809704073905 ,"Sea Salt Therapy Shampoo, Fresh Sea Wind, 17.63 oz (500 g)",GWU,GROWUS,New Pending,0
MUZ58051,8809836580517 ,"Fitting Blush, 01 Odd, 1 Count",MUZ,Muzigae Mansion,On Sale,13
APB68515,8809874685151 ,"Retinol Vitamin C, Vitamin E Body Lotion , 10.14 fl oz (300 ml)",APB,APLB,New Pending,0
DMX48153,8809886481536 ,"AstaxanthinRX, Whitening Ampoule Beauty Mask Pack, 5 Sheets, 0.88 oz (25 g) Each",DMX,Dr.Melaxin,New Seller,63
MUZ58006,8809836580067 ,"Objet Liquid, 006 Notable, 1 Count",MUZ,Muzigae Mansion,NoPO,22
APB68537,8809874685373 ,"Exosome Niacinamide EX Serum , 1.35 fl oz (40 ml)",APB,APLB,New Pending,0
DMX48245,8809886482458 ,"Facephalt, Tightening Cream for Full Face, For All Skin Types, 1.69 fl oz (50 ml)",DMX,Dr.Melaxin,New Seller,118
LFT67921,8805915679219 ,"Probiotic, Gold , 50 Sticks, (2 g) Each",LFT,Lactofit,On Sale,414
NRP46214,8806173462148 ,"Good Skin, Tea Tree Ampoule, 1.01 fl oz (30 ml)",NRP,Nature Republic,On Sale,41
OOT81362,8809349813621 ,"Green Plum Low pH Cleansing Oil, Fragrance Free, 6.76 fl oz (200 ml)",OOT,OOTD,New Pending,0
DMX48039,8809886480393 ,"Bio-Spicule, Exfoliating Pad, 70 Pads, 5.57 fl oz (165 ml)",DMX,Dr.Melaxin,New Seller,42
DMX48134,8809886481345 ,"Exosome Repair Toner, 10.14 fl oz (300 ml)",DMX,Dr.Melaxin,On Sale,71
HBF94481,8809617944811 ,"Blacksugar Milktea Almond, 120 g",HBF,HBAF,New Pending,0
APB68411,8809874684116 ,"Glycerin Vitamin C Ampoule Serum , 1.35 fl oz (40 ml)",APB,APLB,New Pending,0
DMX48115,8809886481154 ,"Cemenrete CX, Calcium Intense Cream , 1.69 fl oz (50 ml)",DMX,Dr.Melaxin,On Sale,8
MUZ58055,8809836580555 ,"Fitting Blush, 05 Find, 1 Count",MUZ,Muzigae Mansion,On Sale,0
APB68270,8809874682709 ,"Glutathione Niacinamide, Facial Toner, 5.41 fl oz (160 ml)",APB,APLB,On Sale,426
NRP48605,8806173486052 ,"Kombucha Black Tea, Treatment Cream 70%, 1.69 fl oz (50 ml)",NRP,Nature Republic,On Sale,12
APB68401,8809874684017 ,"Glutathione Niacinamide, Toner Pad, 60 Pads, 3.38 fl oz (100 ml)",APB,APLB,On Sale,164
DMX48199,8809886481994 ,"Cemenrete, Picotonic Shot Pigmentation Corrector Calcium Cream, 0.88 oz (25 g)",DMX,Dr.Melaxin,On Sale,25
HBF45028,8800279450283 ,"Milk Caramel Popcorn, 80 g",HBF,HBAF,New Pending,0
NRP48844,8806173488445 ,"Super Aqua Max, Watery Emulsion, 4.39 fl oz (130 ml)",NRP,Nature Republic,On Sale,17
MUZ58072,8809836580722 ,"Moodwear Blur Lipstick, 002 Maxi, 1 Count",MUZ,Muzigae Mansion,On Sale,9
PNA07115,8809704071154 ,"Cicamanu Serum Mist, 1.69 fl oz (50 ml)",PNA,Parnell,New Pending,0
APB68525,8809874685250 ,"Spicule Retinol Shot 180 Serum , 1.35 fl oz (40 ml)",APB,APLB,New Pending,0
MUZ58078,8809836580784 ,"Moodwear Blur Lipstick, 008 Revenge, 1 Count",MUZ,Muzigae Mansion,On Sale,1
OOT81282,8809349812822 ,"Hydrating Serum Sheet Beauty Masks, 5 Sheets, 0.88 oz (25 g) Each",OOT,OOTD,New Pending,0
OOT81330,8809349813300 ,"Heartleaf Pore Zero Cleanser, Fragrance Free , 6.76 fl oz (200 ml)",OOT,OOTD,New Pending,0
SRI77911,8809186779111 ,"Have A Fresh Day Body Wash, 10.14 fl oz (300 ml)",SRI,Sioris,NoPO,10
APB68272,8809874682723 ,"Glutathione Niacinamide, Facial Cleanser, 2.71 fl oz (80 ml)",APB,APLB,On Sale,329
APB68386,8809874683867 ,"Bakuchiol Propolis Ampoule Serum, 1.35 fl oz (40 ml)",APB,APLB,New Pending,0
DMX48161,8809886481611 ,"Aqua Ion Plasma, Water Glow Ampoule, 1.69 fl oz (50 ml)",DMX,Dr.Melaxin,New Seller,7
DMX48186,8809886481864 ,"Bondex Clinic I, Protein Binding Remodeling Shampoo, All Hair Types, 13.52 fl oz (400 ml)",DMX,Dr.Melaxin,On Sale,39
HBF94928,8809617949281 ,"Pepperoni Pizza Popcorn, 80 g",HBF,HBAF,New Pending,0
APB68522,8809874685229 ,"Collagen EGF Peptide Beauty Sheet Mask , 10 Sheets, 0.85 fl oz (25 ml)",APB,APLB,New Pending,0
APB68543,8809874685434 ,"Liposome Vitamin C LX Cream , 1.86 fl oz (55 ml)",APB,APLB,New Pending,0
SRI55257,8806158552574 ,"My First Essener, 100 ml (3.38 fl oz)",SRI,Sioris,On Sale,38
HBF45025,8800279450252 ,"Salted Milk Popcorn, 80 g",HBF,HBAF,New Pending,0
APB68506,8809874685069 ,"PDRN Vitamin C Facial Cream , 1.86 fl oz (55 ml)",APB,APLB,New Pending,0
DMX48149,8809886481499 ,"AstaxanthinRX, Anti-Freckles & Whitening Capsule Cream, 1.76 oz (50 g)",DMX,Dr.Melaxin,New Seller,161
NRP42355,8806173423552 ,"Bamboo Charcoal Mud Pack, 5.29 oz (150 g)",NRP,Nature Republic,NoPO,2
SGE02207,8800253022079 ,"Deep Collagen Retinol Power Boosting Pad, 100 Pads",SGE,Sungboon Editor,New Seller,8
APB68271,8809874682716 ,"Glutathione Niacinamide, Mist Essence, 3.55 fl oz (105 ml)",APB,APLB,On Sale,266
APB68421,8809874684215 ,"Mandelic Acid Retinol Facial Cream , 1.86 fl oz (55 ml)",APB,APLB,New Pending,0
APL22641,8804014226416 ,"Acne Shot, Ampoule, 1.01 fl oz (30 ml)",APL,AMPLE:N,NoPO,0
APB68388,8809874683881 ,"Snail Mucin Ginseng Facial Cream, 1.86 fl oz (55 ml)",APB,APLB,New Pending,0
HBF94453,8809617944538 ,"Injeolmi Almond, 120 g",HBF,HBAF,New Pending,0
NRP43831,8806173438310 ,"Fresh Herb Cleansing Foam, Peach, 5.74 fl oz (170 ml)",NRP,Nature Republic,NoPO,139
NRP48845,8806173488452 ,"Super Aqua Max Watery Essence, 1.69 fl oz (50 ml)",NRP,Nature Republic,On Sale,8
SRI99720,8809083997205 ,"More Than Lip Balm, 0.14 oz (4 g)",SRI,Sioris,On Sale,47
HBF94533,8809617945337 ,"Laver Almond, 4.23 oz (120 g)",HBF,HBAF,On Sale,82
APB68331,8809874683317 ,"Glutathione Niacinamide Beauty Sheet Mask, 10 Sheets, 0.85 fl oz (25 ml) Each",APB,APLB,On Sale,96
NRP48435,8806173484355 ,"Green Derma Tea Tree Cica, After Care Spot Patch, 60 Count",NRP,Nature Republic,On Sale,44
EQQ45647,8809875456477 ,"Deep Cera Vitamin Illuminating Serum, 1.01 fl oz (30 ml)",EQQ,EQQUALBERRY,New Pending,0
APL22040,8804014220407 ,"Peeling Shot, Ampoule, 1.01 fl oz (30 ml)",APL,AMPLE:N,NoPO,4
APB68267,8809874682679 ,"Glutathione Niacinamide, Ampoule Serum, 1.35 fl oz (40 ml)",APB,APLB,On Sale,349
HBF45061,8800279450610 ,"Ttekbokki Popcorn, 80 g",HBF,HBAF,New Pending,0
MUZ58044,8809836580449 ,"Objet Water, 004 Celeb , 6 ml",MUZ,Muzigae Mansion,On Sale,21
NRP47552,8806173475520 ,"Skin Smoothing Body Peeling Mist, Peach, 10.14 fl oz (300 ml)",NRP,Nature Republic,NoPO,7
APL22634,8804014226348 ,"Hyaluron Shot, Light Ampoule, 3.38 fl oz (100 ml)",APL,AMPLE:N,NoPO,4
HBF94493,8809617944934 ,"Cheongyang Mayo Almond, 4.23 oz (120 g)",HBF,HBAF,On Sale,95
LFT68241,8805915682417 ,"Probiotics, Vegetable , 60 Sticks, (2 g) Each",LFT,Lactofit,On Sale,68
APB68533,8809874685335 ,"Liposome Niacinamide LX Serum , 1.35 fl oz (40 ml)",APB,APLB,New Pending,0
APB68414,8809874684147 ,"Amino Acid Peptide Ampoule Serum , 1.35 fl oz (40 ml)",APB,APLB,New Pending,0
DMX48184,8809886481840 ,"TX Retinalsome Double Effect Eye Cream, 1.41 oz (40 g)",DMX,Dr.Melaxin,On Sale,97
SGE56208,8809684562086 ,"Green Tomato Pore Lifting Ampoule+, 1.01 fl oz (30 ml)",SGE,Sungboon Editor,New Seller,20
HBF94452,8809617944521 ,"Cookie & Cream Almond, 120 g",HBF,HBAF,New Pending,0
APB68540,8809874685403 ,"Exosome Collagen EX Serum , 1.35 fl oz (40 ml)",APB,APLB,New Pending,0
NRP47879,8806173478798 ,"Real Squeeze Aloe Vera, Emulsion, 4.39 fl oz (130 ml)",NRP,Nature Republic,On Sale,14
DMX48164,8809886481642 ,"Necksphalt, ECM Neck Barrier Cream, 1.69 fl oz (50 ml)",DMX,Dr.Melaxin,On Sale,23
DMX48145,8809886481451 ,"Oyster Pep-3 Renewal Cream , 1.69 fl oz (50 ml)",DMX,Dr.Melaxin,On Sale,25
MUZ58005,8809836580050 ,"Objet Liquid, 005 Stunning, 1 Count",MUZ,Muzigae Mansion,NoPO,23
DMX48109,8809886481093 ,"Exosome Repair Cream , 1.69 fl oz (50 ml)",DMX,Dr.Melaxin,On Sale,87
SRI99705,8809083997052 ,"Time Is Running Out Mist, 3.38 fl oz (100 ml)",SRI,Sioris,On Sale,46
OOT81336,8809349813362 ,"Dark Spot Vitamin C Toner Pad, 4.05 fl oz (120 ml)",OOT,OOTD,New Pending,0
GWU07028,8809704070287 ,"Sea Salt Therapy Scalp Scaler , 4.23 oz (120 g)",GWU,GROWUS,New Pending,0
NRP48221,8806173482214 ,"Cica D1, Green Derma Mild Cica Serum, 1.69 fl oz (50 ml)",NRP,Nature Republic,On Sale,23
PNA09327,8809704093279 ,"Cicamanu Serum Cushion, 34N Neutral Tan, 0.52 oz (15 g)",PNA,Parnell,New Seller,0
SGE56360,8809684563601 ,"Deep Collagen Power Boosting Beauty Mask, 4 Pack, 1.30 oz (37 g) Each",SGE,Sungboon Editor,New Seller,12
GBL51045,8809893510458 ,"Glutamin-C Luminous Eye Cream , 0.33 fl oz (10 ml)",GBL,Genabelle,New Seller,64
HBF94920,8809617949205 ,"Dalgona Almond, 120 g",HBF,HBAF,New Pending,0
HBF94954,8809617949540 ,"Curry Popcorn, 80 g",HBF,HBAF,New Pending,0
NRP48603,8806173486038 ,"Kombucha Black Tea, Treatment Emulsion 82%, 1 Count",NRP,Nature Republic,On Sale,18
NRP47553,8806173475537 ,"Body Peeling Mist, Cotton, 10.14 fl oz (300 ml)",NRP,Nature Republic,NoPO,29
SRI77899,8809186778992 ,"Let Me Refresh Foam Cleanser, 4.05 fl oz (120 ml)",SRI,Sioris,On Sale,19
MUZ58009,8809836580098 ,"Objet Liquid, 009 Perception, 1 Count",MUZ,Muzigae Mansion,NoPO,14
SRI55330,8806158553304 ,"Fresh Moment Cleansing Oil, 6.76 fl oz (200 ml)",SRI,Sioris,On Sale,19
MUZ58002,8809836580029 ,"Objet Liquid,  002 Sequence, 1 Count",MUZ,Muzigae Mansion,NoPO,9
MVY05728,8809595057282 ,"Castanea Crenata Inner Shell Pore Tightening Serum , 1.69 fl oz (50 ml)",MVY,Molvany,New Pending,0
APB68517,8809874685175 ,"Tranexamic Acid Niacinamide Body Lotion, 10.14 fl oz (300 ml)",APB,APLB,New Pending,0
HBF45027,8800279450276 ,"Cheddar Cheese Popcorn, 80 g",HBF,HBAF,New Pending,0
APL22249,0 ,"Purifying Shot, Toner, 20.28 fl oz (600 ml)",APL,AMPLE:N,NoPO,5
HBF94926,8809617949267 ,"Garlic Baguette Popcorn, 80 g",HBF,HBAF,New Pending,0
APL23865,8804014238655 ,"Purifying Shot, Cream Cleaner, 5.07 fl oz (150 ml)",APL,AMPLE:N,NoPO,18
GWU09353,8809704093538 ,"Damage Therapy Hair Treatment EX, 7.76 oz (220 g)",GWU,GROWUS,New Pending,0
MUZ58024,8809836580241 ,"Icy Glow, 04 Wonder, 1 Count",MUZ,Muzigae Mansion,NoPO,18
NRP45742,8806173457427 ,"Jeju Sparkling Cleansing Tissue, 50 Sheets",NRP,Nature Republic,NoPO,0
APB68530,8809874685304 ,"Spicule Vitamin C Shot 220 Cream , 1.86 fl oz (55 ml)",APB,APLB,New Pending,0
DMX48239,8809886482397 ,"Cicapyrin Calming 4-Part Pad, 80 Pads",DMX,Dr.Melaxin,New Seller,7
OOT81319,8809349813195 ,"Dark Spot Vitamin C Toner, Fragrance Free, 8.45 fl oz (250 ml)",OOT,OOTD,New Pending,0
MUZ58061,8809836580616 ,"Fitting Blush, Fabulous, 1 Count",MUZ,Muzigae Mansion,On Sale,7
DMX48159,8809886481598 ,"Aqua Ion Plasma, Hydrating Watery Toner, 6.76 fl oz (200 ml)",DMX,Dr.Melaxin,New Seller,23
HBF94450,8809617944507 ,"Wasabi Almond, 4.23 oz (120 g)",HBF,HBAF,On Sale,166
LFT69431,8805915694311 ,"Probiotic, Liver Support, 60 Sticks, (2 g) Each",LFT,Lactofit,On Sale,167
NRP45415,8806173454150 ,"California Aloe Fresh Powdery Sun Stick, SPF 50+, 0.71 oz (21 g)",NRP,Nature Republic,On Sale,64
OOT81288,8809349812884 ,"Star Spot Patch, Hydrocolloid Blemish Care , 80 Patches",OOT,OOTD,New Pending,0
APB68274,8809874682747 ,"Glutathione Niacinamide, Body Lotion, 10.14 fl oz (300 ml)",APB,APLB,On Sale,818
DMX48148,8809886481482 ,"Oyster Pep-3 Renewal Oil Mist, 3.38 fl oz (100 ml)",DMX,Dr.Melaxin,On Sale,14
MUZ58027,8809836580272 ,"Icy Glow, 07 Purity, 1 Count",MUZ,Muzigae Mansion,NoPO,21
DMX48238,8809886482380 ,"Cicapyrin Calming Cream, 1.69 fl oz (50 ml)",DMX,Dr.Melaxin,New Seller,7
NRP47936,8806173479368 ,"Herbology, Broccoli Sprout Purifying Cream, 2.36 fl oz (70 ml)",NRP,Nature Republic,NoPO,5
SRI58874,8806158588740 ,"Light It Up Essener, 3.38 fl oz (100 ml)",SRI,Sioris,NoPO,9
NRP43829,8806173438297 ,"Fresh Herb Cleansing Foam, Aloe, 5.74 fl oz (170 ml)",NRP,Nature Republic,NoPO,7
NRP46220,8806173462209 ,"Good Skin, Collagen Ampoule, 1.01 fl oz (30 ml)",NRP,Nature Republic,NoPO,73
APB68433,8809874684338 ,"Ferulic Acid Vitamin C Facial Cream , 1.86 fl oz (55 ml)",APB,APLB,New Pending,0
MUZ58041,8809836580418 ,"Objet Water, 001 Signature, 6 ml",MUZ,Muzigae Mansion,NoPO,14
NRP46216,8806173462162 ,"Good Skin, Niacinamide Ampoule, 1.01 fl oz (30 ml)",NRP,Nature Republic,NoPO,0
SGE02041,8800253020419 ,"Deep Collagen Hyalu-B5 Hydrating Beauty Mask , 4 Pack, 1.30 oz (37 g) Each",SGE,Sungboon Editor,New Seller,5
SGE02043,8800253020433 ,"Deep Collagen Niacin-Vita C Brightening Beauty Mask , 4 Sheets, 1.3 oz (37 g) Each",SGE,Sungboon Editor,New Seller,2
MUZ58043,8809836580432 ,"Objet Water, 003 Posh, 6 ml",MUZ,Muzigae Mansion,NoPO,16
APB68407,8809874684079 ,"Panthenol Retinol Ampoule Serum , 1.35 fl oz (40 ml)",APB,APLB,New Pending,0
MVY80655,8809849806550 ,"Liberte, Firming Expert Cream, 1.69 fl oz (50 ml)",MVY,Molvany,New Pending,0
NRP48847,8806173488476 ,"Super Aqua Max, Combination Watery Cream, 2.7 fl oz (80 ml)",NRP,Nature Republic,On Sale,89
OOT81208,8809349812082 ,"Overnight Eye Cream, 0.88 oz (25 g)",OOT,OOTD,New Pending,0
MUZ58036,8809836580364 ,"Objet Liquid, 016 After, 1 Count",MUZ,Muzigae Mansion,NoPO,18
APB68521,8809874685212 ,"Retinol Vitamin C Vitamin E Beauty Sheet Mask, 10 Sheets, 0.85 fl oz (25 ml) Each",APB,APLB,New Pending,0
DMX48110,8809886481109 ,"Bio-Spicule, Pore Ampoule, 1.01 fl oz (30 ml)",DMX,Dr.Melaxin,New Seller,19
NRP48703,8806173487035 ,"Black Bean, Invigorating Hair Shampoo, For All Types of Hair, 10.14 fl oz (300 ml)",NRP,Nature Republic,NoPO,46
PNA09301,8809704093019 ,"Cicamanu Serum Cushion, 24N Natural Nude, 0.52 oz (15 g)",PNA,Parnell,New Seller,3
APB68544,8809874685441 ,"Liposome Collagen LX Cream , 1.86 fl oz (55 ml)",APB,APLB,New Pending,0
APL24095,8804014240955 ,"Centel Calming Shot, First Gel Cleanser, 5.07 fl oz (150 ml)",APL,AMPLE:N,NoPO,14
DMX48170,8809886481703 ,"Exosome Repair Ampoule Plus , 1.35 fl oz (40 ml)",DMX,Dr.Melaxin,On Sale,75
EQQ45431,8809875454312 ,"Swimming Pool Toner Pads, 70 Pads, 7.43 fl oz (220 mg)",EQQ,EQQUALBERRY,New Pending,0
HBF94480,8809617944804 ,"Jeju Matcha Almond, 120 g",HBF,HBAF,New Pending,0
SRI55258,8806158552581 ,"Enriched by Nature Cream, 1.69 fl oz (50 ml)",SRI,Sioris,On Sale,33
APB68505,8809874685052 ,"Glycolipids Peptide Facial Cream , 1.86 fl oz (55 ml)",APB,APLB,New Pending,0
HBF94479,8809617944798 ,"Starlight Pangpang Almond, 120 g",HBF,HBAF,New Pending,0
PNA09324,8809704093248 ,"Cicamanu Serum Cushion, 31N Honey Beige , 0.52 oz (15 g)",PNA,Parnell,New Seller,1
NRP47193,8806173471935 ,"Forest Garden Chamomile, Deep Cleansing Oil, 6.76 fl oz (200 ml)",NRP,Nature Republic,NoPO,7
APB68420,8809874684208 ,"Glycolic Acid Niacinamide Facial Cream , 1.86 fl oz (55 ml)",APB,APLB,New Pending,0
DMX48193,8809886481932 ,"Eyephalt, Eyecream for Eyebags, 0.33 fl oz (10 ml)",DMX,Dr.Melaxin,On Sale,86
MUZ58076,8809836580760 ,"Moodwear Blur Lipstick, 006 Ruffle, 1 Count",MUZ,Muzigae Mansion,On Sale,4
APB68427,8809874684277 ,"Glycerin Vitamin C Facial Cream , 1.86 fl oz (55 ml)",APB,APLB,New Pending,0
GBL25112,8806135251124 ,"Melacare Intensive Cream, 1.69 fl oz (50 ml)",GBL,Genabelle,New Seller,14
MUZ58040,8809836580401 ,"Objet Liquid, 020 Pleasure, 1 Count",MUZ,Muzigae Mansion,NoPO,29
SGE02039,8800253020396 ,"Deep Collagen CICA Teatree Soothing Mask , 4 Pack, 1.30 oz (37 g) Each",SGE,Sungboon Editor,New Seller,0
LFT69271,8805915692713 ,"Probiotic, Blood Sugar Care, 60 Sticks, (2 g) Each",LFT,Lactofit,On Sale,123
SRI99761,8809083997618 ,"Cleanse Me Softly Milk Cleanser, Citrus, 6.76 fl oz (200 ml)",SRI,Sioris,On Sale,31
APB68404,8809874684048 ,"Glycolic Acid Niacinamide Ampoule Serum, 1.35 fl oz (40 ml)",APB,APLB,New Pending,0
APB68423,8809874684239 ,"Panthenol Retinol Facial Cream, 1.86 fl oz (55 ml)",APB,APLB,New Pending,0
NRP48843,8806173488438 ,"Super Aqua Max, Watery Toner, 5.07 fl oz (150 ml)",NRP,Nature Republic,On Sale,13
APB68399,8809874683997 ,"Glutathione Niacinamide, Cleansing Balm, 2.71 fl oz (80 ml)",APB,APLB,On Sale,63
APB68402,8809874684024 ,"Azelaic Acid Peptide Ampoule Serum , 1.35 fl oz (40 ml)",APB,APLB,New Pending,0
APB68534,8809874685342 ,"Liposomal Retinol LX Serum , 1.35 fl oz (40 ml)",APB,APLB,New Pending,0
EQQ45319,8809875453193 ,"Swimming Pool Toner , 10.14 fl oz (300 ml)",EQQ,EQQUALBERRY,New Pending,0
GBL39004,8809690390048 ,"PDRN Rejuvenating Cream , 2.36 fl oz (70 ml)",GBL,Genabelle,New Seller,142
APB68422,8809874684222 ,"Urea Hyaluronic Acid Facial Cream, 1.86 fl oz (55 ml)",APB,APLB,New Pending,0
EQQ45601,8809875456019 ,"Purple Rice Pore Purifying Pack Cleanser, 4.58 oz (130 g)",EQQ,EQQUALBERRY,New Pending,0
MUZ58028,8809836580289 ,"Icy Glow, 08 Deserve , 1 Count",MUZ,Muzigae Mansion,NoPO,3
APB68470,8809874684703 ,"Caffeine Niacinamide Ampoule Serum , 1.35 fl oz (40 ml)",APB,APLB,New Pending,0
SRI77910,8809186779104 ,"All Your Love Body Cream, 10.14 fl oz (300 ml)",SRI,Sioris,On Sale,27
GWU09184,8809704091848 ,"Algae Therapy Mineral Shampoo, 17.63 oz (500 g)",GWU,GROWUS,New Pending,0
SRI99706,8809083997069 ,"Day By Day Cleaning Gel, 5.07 oz (150 ml)",SRI,Sioris,On Sale,30
APB68531,8809874685311 ,"Spicule Collagen Shot 300 Cream , 1.86 fl oz (55 ml)",APB,APLB,New Pending,0
APB68535,8809874685359 ,"Liposomal Vitamin C LX Serum , 1.35 fl oz (40 ml)",APB,APLB,New Pending,0
OOT81258,8809349812587 ,"AHA BHA Clarifying Serum , 1.69 fl oz (50 ml)",OOT,OOTD,New Pending,0
APB68273,8809874682730 ,"Glutathione Niacinamide, Body Wash, 10.14 fl oz (300 ml)",APB,APLB,On Sale,565
APB68524,8809874685243 ,"Spicule Niacinamide Shot 260 Serum , 1.35 fl oz (40 ml)",APB,APLB,New Pending,0
MUZ58081,8809836580814 ,"Sleek Matt Cushion, SPF 50, PA4+, N19, 15 g",MUZ,Muzigae Mansion,On Sale,21
MVY05632,8809595056322 ,"Hypoallergenic LHA CIS Gel Cleanser , 6.76 fl oz (200 ml)",MVY,Molvany,New Pending,0
PIT10035,8809563100354 ,"From Green, Deep Foaming Cleanser, 5.07 fl oz (150 ml)",PIT,Purito,NoPO,6
APL24293,8804014242935 ,"Blemi Shot, Ampoule, 1.69 fl oz (50 ml)",APL,AMPLE:N,NoPO,8
DMX48141,8809886481413 ,"TX-Cream, 1.69 fl oz (50 ml)",DMX,Dr.Melaxin,On Sale,221
NRP46867,8806173468676 ,"Argan, Essential Deep Care Shampoo, For Extremely Damaged Hair, 10.14 fl oz (300 ml)",NRP,Nature Republic,On Sale,82
NRP47345,8806173473458 ,"Shea Butter, Ultra Steam Cream, 3.38 fl oz (100 ml)",NRP,Nature Republic,On Sale,42
HBF94948,8809617949489 ,"Butter Squid Popcorn, 80 g",HBF,HBAF,New Pending,0
APB68275,8809874682754 ,"Glutathione Niacinamide, Eye Cream, 0.68 fl oz (20 ml)",APB,APLB,On Sale,292
APB68400,8809874684000 ,"Glutathione Niacinamide, Cleansing Water, 5.41 fl oz (160 ml)",APB,APLB,On Sale,64
NRP47347,8806173473472 ,"Shea Butter, Fresh Steam Cream, 3.38 fl oz (100 ml)",NRP,Nature Republic,On Sale,13
MUZ58077,8809836580777 ,"Moodwear Blur Lipstick, 007 Hippy, 1 Count",MUZ,Muzigae Mansion,On Sale,2
NRP48620,8806173486205 ,"Real Squeeze, Aloe Vera Hydrogel Eye Patch, 60 ea, 2.46 oz (70 g)",NRP,Nature Republic,NoPO,24
DMX48198,8809886481987 ,"Cemenrete, Picotonic Shot Pigmentation Corrector Calcium Ampoule, 1.01 fl oz (30 ml)",DMX,Dr.Melaxin,On Sale,8
PNA07126,8809704071260 ,"Glacial Biome Water No-Sebum Cushion , 0.35 oz (10 g)",PNA,Parnell,New Seller,21
SRI99710,8809083997106 ,"Deep In A Barrier Cream, 1.69 fl oz (50 ml)",SRI,Sioris,On Sale,36
APB68405,8809874684055 ,"Mandelic Acid Retinol Ampoule Serum , 1.35 fl oz (40 ml)",APB,APLB,New Pending,0
GBL25102,8806135251025 ,"PDRN Vita Toning Ampoule, 1.01 fl oz (30 ml)",GBL,Genabelle,New Seller,155
HBF94874,8809617948741 ,"Honey Butter Popcorn, 80 g",HBF,HBAF,New Pending,0
OOT81299,8809349812990 ,"Snail Mucin Lifting Cream , 3.38 fl oz (100 ml)",OOT,OOTD,New Pending,0
PIT10082,8809563100828 ,"Wonder Relief Centella Mini Kit, Unscented, 3 Piece Kit",PIT,Purito,NoPO,35
PNA09316,8809704093163 ,"Cicamanu Serum Cushion, 17N Fair Vanilla, 0.52 oz (15 g)",PNA,Parnell,New Seller,2
SGE56875,8809684568750 ,"Green Tomato Pore Peeling Jumbo Pad, 60 Pads, 6.08 fl oz (180 ml)",SGE,Sungboon Editor,New Seller,8
TSN01025,8809616010258 ,"Premium TS Treatment, 6.76 fl oz (200 ml)",TSN,TS Trillion,NoPO,17
GBL25183,8806135251834 ,"Edelweiss Lifting Serum , 1.35 fl oz (40 ml)",GBL,Genabelle,New Seller,20
MUZ58025,8809836580258 ,"Icy Glow, 05 Tempting, 1 Count",MUZ,Muzigae Mansion,NoPO,15
APB68410,8809874684109 ,"Zinc Niacinamide Ampoule Serum , 1.35 fl oz (40 ml)",APB,APLB,New Pending,0
DMX48150,8809886481505 ,"AstaxanthinRX, Extra Whitening Ampoule, 1.01 fl oz (30 ml)",DMX,Dr.Melaxin,New Seller,169
EQQ45427,8809875454275 ,"Swimming Pool Ampoule , 1.69 fl oz (50 ml)",EQQ,EQQUALBERRY,New Pending,0
HBF94449,8809617944491 ,"Honey Butter Almond, 4.23 oz (120 g)",HBF,HBAF,On Sale,157
LFT68101,8805915681014 ,"Probiotic, Core, 60 Sticks, (2 g) Each",LFT,Lactofit,On Sale,422
GWU07137,8809704071376 ,"Damage Therapy Shampoo, Sparkling Pearl, 16.90 fl oz (500 ml)",GWU,GROWUS,New Pending,0
PNA09326,8809704093262 ,"Cicamanu Serum Cushion, 33W Warm Cream , 0.52 oz (15 g)",PNA,Parnell,New Seller,0
APB68276,8809874682761 ,"Glutathione Niacinamide, Sunscreen, SPF 50+ PA ++++, 1.35 fl oz (40 ml)",APB,APLB,On Sale,744
APB68526,8809874685267 ,"Spicule Vitamin C Shot 220 Serum, 1.35 fl oz (40 ml)",APB,APLB,New Pending,0
DMX48167,8809886481673 ,"Cemenrete, Calcium Dark Spot Eye Cream, 0.52 oz (15 g)",DMX,Dr.Melaxin,On Sale,28
NRP48604,8806173486045 ,"Kombucha Black Tea, Treatment Ampoule 78%, 1 Count",NRP,Nature Republic,NoPO,3
GBL54440,8809743544404 ,"PDRN Rejuvenating Toner , 10.14 fl oz (300 ml)",GBL,Genabelle,New Seller,146
NRP46861,8806173468614 ,"Argan Essential Deep Care Hair Pack, 200 ml",NRP,Nature Republic,NoPO,26
LFT68181,8805915681816 ,"Probiotic, Beauty, 60 Sticks, (2 g) Each",LFT,Lactofit,On Sale,392
OOT81331,8809349813317 ,"Green Plum Low pH Cleansing Gel, Fragrance Free, 6.67 fl oz (200 ml)",OOT,OOTD,New Pending,0
OOT81358,8809349813584 ,"Ceramide Glow Moisture Cream , 1.69 fl oz (50 ml)",OOT,OOTD,New Pending,0
DMX48086,8809886480867 ,"TX-Ampoule Rx, 1.01 fl oz (30 ml)",DMX,Dr.Melaxin,On Sale,103
DMX48144,8809886481444 ,"Oyster Pep-3 Renewal Ampoule, 1.01 fl oz (30 ml)",DMX,Dr.Melaxin,On Sale,22
LFT67871,8805915678717 ,"Probiotic, Kids , 60 Sticks, (2 g) Each",LFT,Lactofit,On Sale,130
NRP46222,8806173462223 ,"Good Skin, Vitamin E Ampoule, 1.01 fl oz (30 ml)",NRP,Nature Republic,On Sale,68
APB68516,8809874685168 ,"Collagen EGF Peptide Body Lotion , 10.14 fl oz (300 ml)",APB,APLB,New Pending,0
NRP44935,8806173449354 ,"Real Nature Beauty Mask Sheet, Royal Jelly, 1 Sheet, 0.77 fl oz (23 ml)",NRP,Nature Republic,NoPO,13
NRP48222,8806173482221 ,"CICA D1,  Green Derma Mild CICA Cream, 6.42 fl oz (190 ml)",NRP,Nature Republic,NoPO,3
OOT81277,8809349812778 ,"Wrinkle Lift Retinol Serum, Fragrance Free, 1.69 fl oz (50 ml)",OOT,OOTD,New Pending,0
TSN01017,8809616010173 ,"TS Chakhan Hair Color Cream, No. 7 Light Brown, 1 Kit",TSN,TS Trillion,NoPO,9
EQQ45602,8809875456026 ,"Purple PDRN Pore Minimizing Serum , 1.01 fl oz (30 ml)",EQQ,EQQUALBERRY,New Pending,0
EQQ45648,8809875456484 ,"Deep Cera Bakuchiol Plumping Serum , 1.01 fl oz (30 ml)",EQQ,EQQUALBERRY,New Pending,0
NRP48434,8806173484348 ,"Real Squeeze Aloe Vera Balm, 0.88 oz (25 g)",NRP,Nature Republic,On Sale,12
PIT10212,8809563102129 ,"Dermide Relief Barrier Moisturizer, For Dry & Sensitive Skin, 3.38 fl oz (100 ml)",PIT,Purito,NoPO,5
PNA09325,8809704093255 ,"Cicamanu Serum Cushion, 33N Moca Cream, 0.52 oz (15 g)",PNA,Parnell,New Seller,0
APB68536,8809874685366 ,"Liposome Collagen LX Serum , 1.35 fl oz (40 ml)",APB,APLB,New Pending,0
OOT81296,8809349812969 ,"Peptide Skin Barrier Cream , 1.69 fl oz (50 ml)",OOT,OOTD,New Pending,0
APB68527,8809874685274 ,"Spicule Collagen Shot 300 Serum, 1.35 fl oz (40 ml)",APB,APLB,New Pending,0
NRP43830,8806173438303 ,"Fresh Herb Cleansing Foam, Snail, 5.74 fl oz (170 ml)",NRP,Nature Republic,NoPO,0
PIT10033,8809563100330 ,"Wonder Releaf Centella Spot Patch, 51 Patches",PIT,Purito,NoPO,58
APB68418,8809874684185 ,"Azelaic Acid Peptide Facial Cream , 1.86 fl oz (55 ml)",APB,APLB,New Pending,0
DMX48005,8809886480058 ,"TX-Peeling Toner, 5.07 fl oz (150 ml)",DMX,Dr.Melaxin,On Sale,79
MUZ58052,8809836580524 ,"Fitting Blush, 02 Kinda, 1 Count",MUZ,Muzigae Mansion,On Sale,11
GBL25203,8806135252039 ,"Aquaporin Intense Cream Toner, 4.05 fl oz (120 ml)",GBL,Genabelle,New Seller,8
NRP47551,8806173475513 ,"Skin Smoothing Body Peeling Mist, Phytoncide, 10.14 fl oz (300 ml)",NRP,Nature Republic,NoPO,27
OOT81366,8809349813669 ,"Glossy Tinted Lip Serum, 0.5 fl oz (15 ml)",OOT,OOTD,New Pending,0
APB68419,8809874684192 ,"Lactic Acid Retinol Facial Cream , 1.86 fl oz (55 ml)",APB,APLB,New Pending,0
HBF94884,8809617948840 ,"Dark Chocolate Almond Crunch, 100 g",HBF,HBAF,New Pending,0
NRP47192,8806173471928 ,"Calendula Forest Garden, Deep Cleansing Oil, 6.76 fl oz (200 ml)",NRP,Nature Republic,NoPO,4
APB68413,8809874684130 ,"Kojic Acid Vitamin C Ampoule Serum , 1.35 fl oz (40 ml)",APB,APLB,New Pending,0
APB68431,8809874684314 ,"Coenzyme Q10 Retinol Facial Cream, 1.86 fl oz (55 ml)",APB,APLB,New Pending,0
MUZ58045,8809836580456 ,"Objet Water, 005 Diva, 6 ml",MUZ,Muzigae Mansion,On Sale,30
HBF94494,8809617944941 ,"Garlic Bread Almond, 4.23 oz (120 g)",HBF,HBAF,On Sale,113
HBF94927,8809617949274 ,"Mexican Taco Popcorn, 80 g",HBF,HBAF,New Pending,0
DMX48135,8809886481352 ,"Exosome Enzyme Cleanser, Papaya Powder Wash, 1.7 oz (50 g)",DMX,Dr.Melaxin,On Sale,69
PNA09323,8809704093231 ,"Cicamanu Serum Cushion, 30W Gold Beige, 0.52 oz (15 g)",PNA,Parnell,New Seller,2
APB68428,8809874684284 ,"Squalane Hyaluronic Acid Facial Cream , 1.86 fl oz (55 ml)",APB,APLB,New Pending,0
APB68429,8809874684291 ,"Kojic Acid Vitamin C Facial Cream , 1.86 fl oz (55 ml)",APB,APLB,New Pending,0
GBL32222,8809653322222 ,"Cabbage Calming Cream , 1.69 fl oz (50 ml)",GBL,Genabelle,New Seller,7
GBL54683,8809743546835 ,"Aquaberrier Ceramide Capsule Cream , 1.69 fl oz (50ml)",GBL,Genabelle,New Seller,8
EQQ45639,8809875456392 ,"Bouncy Day, Collagen Pore-Tight Up, Hydrogel Beauty Mask, 4 Sheet, 1.01 oz (30 g) Each",EQQ,EQQUALBERRY,New Pending,0
PIT10273,8809563102730 ,"Clear Code Superfruit Serum, 1.01 fl oz (30 ml)",PIT,Purito,NoPO,11
APB68507,8809874685076 ,"Glycolipids Peptide Ampoule Serum , 1.35 fl oz (40 ml)",APB,APLB,New Pending,0
NRP47492,8806173474929 ,"JeJu Sparkling Foam Cleanser, 10.14 fl oz (300 ml)",NRP,Nature Republic,NoPO,14
OOT81276,8809349812761 ,"Dark Spot Vitamin C Serum, Fragrance Free, 1.69 fl oz (50 ml)",OOT,OOTD,New Pending,0
APB68415,8809874684154 ,"Coenzyme Q10 Retinol Ampoule Serum , 1.35 fl oz (40 ml)",APB,APLB,New Pending,0
APB68390,8809874683904 ,"Tranexamic Acid Niacinamide Facial Cream , 1.86 fl oz (55 ml)",APB,APLB,New Pending,0
HBF94451,8809617944514 ,"Baked Corn Almond, 4.23 oz (120 g)",HBF,HBAF,On Sale,99
MVY90496,8809875904961 ,"Real, Cleansing Oil, 6.76 fl oz (200 ml)",MVY,Molvany,New Pending,0
PIT10276,8809563102761 ,"Clear Code Superfruit Cleanser, 5.07 fl oz (150 ml)",PIT,Purito,NoPO,6
NRP47937,8806173479375 ,"Herbology, Onion Recovery Cream, 2.36 fl oz (70 ml)",NRP,Nature Republic,NoPO,6
APB68406,8809874684062 ,"Urea Hyaluronic Acid Ampoule Serum , 1.35 fl oz (40 ml)",APB,APLB,New Pending,0
DMX48171,8809886481710 ,"Cemenrete, Calcium Intense Ampoule Plus, 1.01 fl oz (30 ml)",DMX,Dr.Melaxin,On Sale,4
PNA09319,8809704093194 ,"Cicamanu Serum Cushion, 21C Cool Rosy, 0.52 oz (15 g)",PNA,Parnell,New Seller,5
MVY90838,8809875908389 ,"Volume Impact Protein Cream , 3.4 fl oz (100 ml)",MVY,Molvany,New Pending,0
NRP44946,8806173449460 ,"Real Nature Beauty Mask Sheet, Rose,  1 Sheet, 0.77 fl oz (23 ml)",NRP,Nature Republic,NoPO,4
APB68547,8809874685472 ,"Exosome Vitamin C EX Cream, 1.86 fl oz (55 ml)",APB,APLB,New Pending,0
DMX48157,8809886481574 ,"Exosome Repair Beauty Mask Pack, 5 Sheets, 1.05 oz (30 g) Each",DMX,Dr.Melaxin,On Sale,46
EQQ45603,8809875456033 ,"Purple Rice Pore Smoothing, Cleansing Oil , 6.76 fl oz (200 ml)",EQQ,EQQUALBERRY,New Pending,0
GBL51029,8809893510298 ,"Crystal Drop Hydra Boost Ampoule , 1.01 fl oz (30 ml)",GBL,Genabelle,New Seller,2
HBF94448,8809617944484 ,"Mint Choco Almond, 120 g",HBF,HBAF,New Pending,0
APB68432,8809874684321 ,"Ascorbyl Glucoside Peptide Facial Cream , 1.86 fl oz (55 ml)",APB,APLB,New Pending,0
HBF94477,8809617944774 ,"Hot & Spicy Chicken Almond, 4.23 oz (120 g)",HBF,HBAF,On Sale,142
NRP48619,8806173486199 ,"Real Squeeze Aloe Vera Eye Serum, 0.5 fl oz (15 ml)",NRP,Nature Republic,On Sale,46
APB68424,8809874684246 ,"Bifida Niacinamide Facial Cream , 1.86 fl oz (55 ml)",APB,APLB,New Pending,0
NRP43832,8806173438327 ,"Fresh Herb Cleansing Foam, Acerola, 5.74 fl oz (170 ml)",NRP,Nature Republic,NoPO,113
APB68403,8809874684031 ,"Lactic Acid Retinol Ampoule Serum, 1.35 fl oz (40 ml)",APB,APLB,New Pending,0
HBF94891,8809617948918 ,"New York Cheese Burger Popcorn, 80 g",HBF,HBAF,New Pending,0
APB68417,8809874684178 ,"Ferulic Acid Vitamin C Ampoule Serum , 1.35 fl oz (40 ml)",APB,APLB,New Pending,0
APB68542,8809874685427 ,"Liposome Retinol LX Cream , 1.86 fl oz (55 ml)",APB,APLB,New Pending,0
GWU07201,8809704072014 ,"Damage Therapy Scalp Scaling Ampoule , 1.76 oz (50 g)",GWU,GROWUS,New Pending,0
HBF94201,8809617942015 ,"Caramel Salted Almond & Pretzel , 4.23 oz (120 g)",HBF,HBAF,On Sale,174
MUZ58033,8809836580333 ,"Objet Liquid, 013 Appeal, 1 Count",MUZ,Muzigae Mansion,NoPO,11
MVY90640,8809875906408 ,"Artichoke Calming Care Soothing Cream , 3.38 fl oz (100 ml)",MVY,Molvany,New Pending,0
NRP48695,8806173486953 ,"Kombucha Black Tea, The First Essence, 4.73 fl oz (140 ml)",NRP,Nature Republic,On Sale,12
OOT81363,8809349813638 ,"Green Plum Cleansing Balm , 3.38 fl oz (100 ml)",OOT,OOTD,New Pending,0
PNA09322,8809704093224 ,"Cicamanu Serum Cushion, 29C Cool Sand, 0.52 oz (15 g)",PNA,Parnell,New Seller,0
DMX48169,8809886481697 ,"Pore Clear Beauty Mask Pack, 5 Sheets, 0.88 oz (25 g) Each",DMX,Dr.Melaxin,New Seller,36
SGE56462,8809684564622 ,"Green Tomato Deep Pore Clean Enzyme Powder Wash, 1.76 oz (50 g)",SGE,Sungboon Editor,New Seller,23
SRI99708,8809083997083 ,"Cleanse Me Softly Milk Cleanser, 6.76 fl oz (200 ml)",SRI,Sioris,On Sale,48
NRP46865,8806173468652 ,"Argan Essential Moist, Hair Mist, 7.43 fl oz (220 ml)",NRP,Nature Republic,NoPO,10
NRP48704,8806173487042 ,"Black Bean, Invigorating Hair Treatment, 6.76 fl oz (200 ml)",NRP,Nature Republic,On Sale,18
OOT81337,8809349813379 ,"Glass Skin Rice Water Toner Pad, 70 Pads, 4.05 fl oz (120 ml)",OOT,OOTD,New Pending,0
APB68385,8809874683850 ,"Snail Mucin Ginseng Ampoule Serum , 1.35 fl oz (40 ml)",APB,APLB,New Pending,0
APB68529,8809874685298 ,"Spicule Retinol Shot 180 Cream , 1.86 fl oz (55 ml)",APB,APLB,New Pending,0
GBL51028,8809893510281 ,"Squalane Deep Moisture Serum , 1.01 fl oz (30 ml)",GBL,Genabelle,New Seller,22
NRP49010,8806173490103 ,"Mild & Moisture Aloe Vera Watery Gel, 8.45 fl oz (250 ml)",NRP,Nature Republic,On Sale,78
HBF94900,8809617949007 ,"Choco Churros Almond, 120 g",HBF,HBAF,New Pending,0
HBF94921,8809617949212 ,"Wasabi Mayo Popcorn, 80 g",HBF,HBAF,New Pending,0
NRP45607,8806173456079 ,"Real Nature Beauty Mask Sheet, Shea Butter, 1 Sheet, 0.77 fl oz (23 ml)",NRP,Nature Republic,On Sale,168
APB68545,8809874685458 ,"Exosome Niacinamide EX Cream, 1.86 fl oz (55 ml)",APB,APLB,New Pending,0
MUZ58032,8809836580326 ,"Objet Liquid, 012 Symbol, 1 Count",MUZ,Muzigae Mansion,NoPO,6
SRI55290,8806158552901 ,"Calm Me Down Cream, 1.69 fl oz (50 ml)",SRI,Sioris,NoPO,7
MUZ58026,8809836580265 ,"Icy Glow, 06 Cheshire, 1 Count",MUZ,Muzigae Mansion,NoPO,13
NRP46863,8806173468638 ,"Argan Essential Deep Care Hair Essence, 2.7 fl oz (80 ml)",NRP,Nature Republic,NoPO,22
HBF45057,8800279450573 ,"Baked Corn Popcorn, 80 g",HBF,HBAF,New Pending,0
SRI99760,8809083997601 ,"Organic Sioris Hand & Lip Care Set, 2 Piece Set",SRI,Sioris,On Sale,38
HBF94478,8809617944781 ,"Tteokbokki Almond, 4.23 oz (120 g)",HBF,HBAF,On Sale,128
MVY54767,8809743547672 ,"Arti-cica Refresh Calming Serum , 1.01 fl oz (30 ml)",MVY,Molvany,New Pending,0
APB68408,8809874684086 ,"Bifida Niacinamide Ampoule Serum , 1.35 fl oz (40 ml)",APB,APLB,New Pending,0
HBF45026,8800279450269 ,"Laver Popcorn, 80 g",HBF,HBAF,New Pending,0
NRP44938,8806173449385 ,"Real Nature Beauty Mask Sheet, Tomato, 1 Sheet, 0.77 fl oz (23 ml)",NRP,Nature Republic,NoPO,32
HBF94508,8809617945085 ,"Black Sesame Almond, 120 g",HBF,HBAF,New Pending,0
NRP46988,8806173469888 ,"Snail Solution, Skin Booster, 4.39 fl oz (130 ml)",NRP,Nature Republic,NoPO,4
MUZ58053,8809836580531 ,"Fitting Blush, 03 Ecstasy, 1 Count",MUZ,Muzigae Mansion,On Sale,5
APB68523,8809874685236 ,"Tranexamic Acid Niacinamide Beauty Sheet Mask, 10 Sheets, 0.85 fl oz (25 ml) Each",APB,APLB,New Pending,0
DMX48185,8809886481857 ,"Bondex Clinic II, Protein Bonding Remodeling Clinic, 8.45 fl oz (250 ml)",DMX,Dr.Melaxin,On Sale,73
HBF45029,8800279450290 ,"Caramel & Cheese Popcorn, 80 g",HBF,HBAF,New Pending,0
PNA09303,8809704093033 ,"Cicamanu Serum Cushion, 27N Rich Ratan, 0.52 oz (15 g)",PNA,Parnell,New Seller,2
DMX48237,8809886482373 ,"Peel Shot, Exfoliant Black Rice Ampoule, For All Skin Types, 2.7 fl oz (80 ml)",DMX,Dr.Melaxin,New Seller,153
APB68268,8809874682686 ,"Glutathione Niacinamide, Facial Cream, 1.86 fl oz (55 ml)",APB,APLB,On Sale,255
HBF94578,8809617945788 ,"Roasted Onion Almond, 4.23 oz (120 g)",HBF,HBAF,On Sale,117
OOT81268,8809349812686 ,"AHA BHA Clarifying Toner , 8.45 fl oz (250 ml)",OOT,OOTD,New Pending,0
MUZ58083,8809836580838 ,"Sleek Matt Cushion, SPF 50, PA4+, N23, 15 g",MUZ,Muzigae Mansion,On Sale,35
NRP47490,8806173474905 ,"Jeju Sparkling, Mud Foam Cleanser, 5.07 fl oz (150 ml)",NRP,Nature Republic,NoPO,10
MUZ58038,8809836580388 ,"Objet Liquid, 018 Knockout, 1 Count",MUZ,Muzigae Mansion,NoPO,36
MVY80264,8809849802644 ,"Artichoke Soothing Acne Pore Toner Pad, Refill , 70 Pads, 5.64 oz (160 g)",MVY,Molvany,New Pending,0
LFT67861,8805915678618 ,"Probiotic, Bebe, 60 Sticks, (2 g) Each",LFT,Lactofit,On Sale,43
NRP45606,8806173456062 ,"Real Nature Beauty Mask Sheet, Olive, 1 Sheet, 0.77 fl oz (23 ml)",NRP,Nature Republic,On Sale,167
OOT81364,8809349813645 ,"Kiwi Vitamin C Cleansing Balm, 3.38 fl oz (100 ml)",OOT,OOTD,New Pending,0
APB68426,8809874684260 ,"Zinc Niacinamide Facial Cream, 1.86 fl oz (55 ml)",APB,APLB,New Pending,0
DMX48165,8809886481659 ,"Necksphalt, ECM Neck Barrier Ampoule, 10 Count,  0.05 fl oz (1.5 ml) Each",DMX,Dr.Melaxin,On Sale,25
SGE02239,8800253022390 ,"Deep Collagen Retinol Boost-Up Beauty Mask , 4 Sheets, 0.88 oz (25 g) Each",SGE,Sungboon Editor,New Seller,36
NRP47070,8806173470709 ,"Green Derma Tea Tree Cica, Relief Care Spot Patch, 60 Patches",NRP,Nature Republic,On Sale,27
APB68389,8809874683898 ,"Bakuchiol Propolis Facial Cream , 1.86 fl oz (55 ml)",APB,APLB,New Pending,0
HBF45058,8800279450580 ,"Sweet Potato Popcorn, 80 g",HBF,HBAF,New Pending,0
MUZ58084,8809836580845 ,"Sleek Matt Cushion, SPF 50, PA4+, N25, 15 g",MUZ,Muzigae Mansion,On Sale,17
OOT81372,8809349813720 ,"Dark Spot Vitamin C Serum Brightening Beauty Mask , 10 Sheets, 0.88 oz (25 g)",OOT,OOTD,New Pending,0
DMX48147,8809886481475 ,"Oyster Pep-3 Renewal Beauty Mask Pack, 5 Sheets, 1.05 fl oz (30 g) Each",DMX,Dr.Melaxin,On Sale,20
DMX48162,8809886481628 ,"Aqua Ion Plasma, Hydrating Water Beauty Gel Mask, 5 Sheets, 0.88 oz (25 g) Each",DMX,Dr.Melaxin,New Seller,52
PNA09328,8809704093286 ,"Cicamanu Serum Cushion, 34W Tan, 0.52 oz (15 g)",PNA,Parnell,New Seller,0
APB68430,8809874684307 ,"Amino Acid Peptide Facial Cream, 1.86 fl oz (55 ml)",APB,APLB,New Pending,0
EQQ45643,8809875456439 ,"Collagen Glow Up Hydrogel Beauty Mask , 4 Masks, 1.01 oz (30 g) Each",EQQ,EQQUALBERRY,New Pending,0
MUZ58021,8809836580210 ,"Icy Glow, 01 Vague , 1 Count",MUZ,Muzigae Mansion,NoPO,9
APB68541,8809874685410 ,"Liposomal Niacinamide LX Cream , 1.86 fl oz (55 ml)",APB,APLB,New Pending,0
DMX48243,8809886482434 ,"Melting Cleanser, Bubble Foaming Cleanser, All Type of Skin, 5.07 fl oz (150 ml)",DMX,Dr.Melaxin,New Seller,29
OOT81207,8809349812075 ,"Intensive Eye Serum , 1.05 oz (30 g)",OOT,OOTD,New Pending,0
PIT10220,8809563102204 ,"Re:fresh Cleansing Bar, Charcoal + Sea Kelp, Fragrance Free, 3.52 oz (100 g)",PIT,Purito,NoPO,2
APB68528,8809874685281 ,"Spicule Niacinamide Shot 260 Cream , 1.86 fl oz (55 ml)",APB,APLB,New Pending,0
GBL54060,8809743540604 ,"Pink Cloud Cleansing Foam, 5.07 fl oz (150 ml)",GBL,Genabelle,New Seller,13
SGE02238,8800253022383 ,"Deep Collagen Melting Patch , 3 Sets, 0.016 oz (0.46 g) Each",SGE,Sungboon Editor,New Seller,16
HBF94953,8809617949533 ,"French Fries & Ketchup Popcorn, 80 g",HBF,HBAF,New Pending,0
PNA09470,8809704094702 ,"Cicamanu 92 Serum, For Sensitive Skin, 1.01 fl oz (30 ml)",PNA,Parnell,New Pending,0
